{
  "locations": [
    {"name": "Perth CBD", "slug": "perth-cbd"},
    {"name": "Fremantle", "slug": "fremantle"},
    {"name": "Subiaco", "slug": "subiaco"},
    {"name": "Northbridge", "slug": "northbridge"},
    {"name": "Joondalup", "slug": "joondalup"},
    {"name": "Mandurah", "slug": "mandurah"},
    {"name": "Rockingham", "slug": "rockingham"},
    {"name": "Scarborough", "slug": "scarborough"},
    {"name": "Cottesloe", "slug": "cottesloe"},
    {"name": "Claremont", "slug": "claremont"},
    {"name": "Victoria Park", "slug": "victoria-park"},
    {"name": "Mount Lawley", "slug": "mount-lawley"},
    {"name": "Leederville", "slug": "leederville"},
    {"name": "East Perth", "slug": "east-perth"},
    {"name": "West Perth", "slug": "west-perth"},
    {"name": "South Perth", "slug": "south-perth"},
    {"name": "Nedlands", "slug": "nedlands"},
    {"name": "Floreat", "slug": "floreat"},
    {"name": "Morley", "slug": "morley"},
    {"name": "Midland", "slug": "midland"},
    {"name": "Cannington", "slug": "cannington"},
    {"name": "Canning Vale", "slug": "canning-vale"},
    {"name": "Belmont", "slug": "belmont"},
    {"name": "Bayswater", "slug": "bayswater"},
    {"name": "Wembley", "slug": "wembley"},
    {"name": "Applecross", "slug": "applecross"},
    {"name": "Melville", "slug": "melville"},
    {"name": "Booragoon", "slug": "booragoon"},
    {"name": "Willetton", "slug": "willetton"},
    {"name": "Bull Creek", "slug": "bull-creek"},
    {"name": "Bicton", "slug": "bicton"},
    {"name": "Mosman Park", "slug": "mosman-park"},
    {"name": "Peppermint Grove", "slug": "peppermint-grove"},
    {"name": "City Beach", "slug": "city-beach"},
    {"name": "Hillarys", "slug": "hillarys"},
    {"name": "Sorrento", "slug": "sorrento"},
    {"name": "Duncraig", "slug": "duncraig"},
    {"name": "Warwick", "slug": "warwick"},
    {"name": "Balcatta", "slug": "balcatta"},
    {"name": "Osborne Park", "slug": "osborne-park"},
    {"name": "Innaloo", "slug": "innaloo"},
    {"name": "Stirling", "slug": "stirling"},
    {"name": "Karrinyup", "slug": "karrinyup"},
    {"name": "Gwelup", "slug": "gwelup"},
    {"name": "Kingsley", "slug": "kingsley"},
    {"name": "Woodvale", "slug": "woodvale"},
    {"name": "Ellenbrook", "slug": "ellenbrook"},
    {"name": "Armadale", "slug": "armadale"},
    {"name": "Gosnells", "slug": "gosnells"},
    {"name": "Thornlie", "slug": "thornlie"}
  ]
}
